{"cameraMode":{"drawMode":0,"name":"Shaded","section":"Shading Mode"},"sceneLighting":true,"audioPlay":false,"sceneViewState":{"showFog":true,"showMaterialUpdate":false,"showSkybox":true,"showFlares":true,"showImageEffects":true,"showParticleSystems":true},"in2DMode":false,"pivot":{"x":61.4407958984375,"y":-81.96292877197266,"z":581.440673828125},"rotation":{"x":-0.3893468677997589,"y":-0.2821457087993622,"z":0.12660962343215943,"w":-0.8676340579986572},"size":197.77517700195313,"orthographic":false}