{"cameraMode":{"drawMode":0,"name":"Shaded","section":"Shading Mode"},"sceneLighting":true,"audioPlay":false,"sceneViewState":{"showFog":true,"showMaterialUpdate":false,"showSkybox":true,"showFlares":true,"showImageEffects":true,"showParticleSystems":true},"in2DMode":false,"pivot":{"x":188.60955810546876,"y":7.9638166427612309,"z":43.88621520996094},"rotation":{"x":-0.25283053517341616,"y":-0.5887632369995117,"z":0.20088189840316773,"w":-0.7410100102424622},"size":127.61132049560547,"orthographic":false}