{"cameraMode":{"drawMode":0,"name":"Shaded","section":"Shading Mode"},"sceneLighting":true,"audioPlay":false,"sceneViewState":{"showFog":true,"showMaterialUpdate":false,"showSkybox":true,"showFlares":true,"showImageEffects":true,"showParticleSystems":true},"in2DMode":false,"pivot":{"x":-70.75375366210938,"y":44.27013397216797,"z":-35.2846794128418},"rotation":{"x":-0.09196345508098602,"y":-0.013442385010421276,"z":-0.0012415704550221563,"w":0.995673418045044},"size":2.793729543685913,"orthographic":false}