{"cameraMode":{"drawMode":0,"name":"Shaded","section":"Shading Mode"},"sceneLighting":true,"audioPlay":false,"sceneViewState":{"showFog":true,"showMaterialUpdate":false,"showSkybox":true,"showFlares":true,"showImageEffects":true,"showParticleSystems":true},"in2DMode":false,"pivot":{"x":613.9091796875,"y":88.46249389648438,"z":350.76495361328127},"rotation":{"x":-0.04200226068496704,"y":-0.9452306032180786,"z":0.2943651080131531,"w":-0.13495764136314393},"size":37.375919342041019,"orthographic":false}