{"cameraMode":{"drawMode":0,"name":"Shaded","section":"Shading Mode"},"sceneLighting":true,"audioPlay":false,"sceneViewState":{"showFog":true,"showMaterialUpdate":false,"showSkybox":true,"showFlares":true,"showImageEffects":true,"showParticleSystems":true},"in2DMode":false,"pivot":{"x":-900.1868896484375,"y":-1362.959228515625,"z":322.7705993652344},"rotation":{"x":-0.3410513997077942,"y":0.6224867701530457,"z":-0.34599804878234866,"w":-0.6135880947113037},"size":1312.0787353515625,"orthographic":false}