{"cameraMode":{"drawMode":0,"name":"Shaded","section":"Shading Mode"},"sceneLighting":true,"audioPlay":false,"sceneViewState":{"showFog":true,"showMaterialUpdate":false,"showSkybox":true,"showFlares":true,"showImageEffects":true,"showParticleSystems":true},"in2DMode":false,"pivot":{"x":-65.69903564453125,"y":2.5377197265625,"z":188.92453002929688},"rotation":{"x":0.10674377530813217,"y":0.7893013954162598,"z":-0.14350034296512605,"w":0.5874355435371399},"size":314.6474914550781,"orthographic":false}