{"cameraMode":{"drawMode":0,"name":"Shaded","section":"Shading Mode"},"sceneLighting":true,"audioPlay":false,"sceneViewState":{"showFog":true,"showMaterialUpdate":false,"showSkybox":true,"showFlares":true,"showImageEffects":true,"showParticleSystems":true},"in2DMode":false,"pivot":{"x":4435.556640625,"y":-2175.10205078125,"z":-2875.2587890625},"rotation":{"x":0.08685758709907532,"y":0.8737675547599793,"z":-0.16970513761043549,"w":0.4474893808364868},"size":3536.558349609375,"orthographic":false}