{"cameraMode":{"drawMode":0,"name":"Shaded","section":"Shading Mode"},"sceneLighting":true,"audioPlay":false,"sceneViewState":{"showFog":true,"showMaterialUpdate":false,"showSkybox":true,"showFlares":true,"showImageEffects":true,"showParticleSystems":true},"in2DMode":false,"pivot":{"x":-189.03158569335938,"y":101.10838317871094,"z":13.273262977600098},"rotation":{"x":-0.0009236060432158411,"y":0.9965793490409851,"z":-0.08280374854803086,"w":-0.010557382367551327},"size":45.46654510498047,"orthographic":false}